filename,width,height,class,xmin,ymin,xmax,ymax,label
fr1.jpg,1920,1080,front_grill,396,592,1024,772,2
fr1.jpg,1920,1080,headlamp,1028,514,1232,718,3
fr1.jpg,1920,1080,headlamp,226,530,398,696,3
fr1023.jpg,1920,1080,alloy_wheel,841,734,1332,1080,1
fr1055.jpg,1920,1080,alloy_wheel,685,746,1094,1080,1
fr1063.jpg,1920,1080,alloy_wheel,711,725,1085,1080,1
fr107.jpg,1920,1080,headlamp,1047,410,1284,599,3
fr107.jpg,1920,1080,headlamp,258,416,423,610,3
fr107.jpg,1920,1080,front_grill,432,481,1043,684,2
fr107.jpg,1920,1080,ovr_mirror,1223,181,1318,271,5
fr107.jpg,1920,1080,ovr_mirror,379,186,466,271,5
fr1073.jpg,1920,1080,alloy_wheel,732,687,1055,1080,1
fr1073.jpg,1920,1080,rear_camera,1541,61,1570,102,7
fr1073.jpg,1920,1080,ovr_mirror,70,175,170,272,5
fr1073.jpg,1920,1080,alloy_wheel,5,363,79,661,1
fr1083.jpg,1920,1080,alloy_wheel,5,322,120,605,1
fr1083.jpg,1920,1080,alloy_wheel,708,631,1017,1080,1
fr1083.jpg,1920,1080,rear_camera,1503,31,1538,66,7
fr1083.jpg,1920,1080,ovr_mirror,108,134,191,225,5
fr1091.jpg,1920,1080,alloy_wheel,5,308,117,584,1
fr1091.jpg,1920,1080,alloy_wheel,670,590,935,1031,1
fr1091.jpg,1920,1080,rear_camera,1420,11,1458,46,7
fr1105.jpg,1920,1080,alloy_wheel,594,599,861,1011,1
fr1105.jpg,1920,1080,alloy_wheel,50,313,153,566,1
fr1105.jpg,1920,1080,ovr_mirror,114,140,211,219,5
fr1105.jpg,1920,1080,rear_camera,1347,31,1391,61,7
fr1121.jpg,1920,1080,rear_camera,1385,84,1411,111,7
fr1121.jpg,1920,1080,alloy_wheel,173,343,255,590,1
fr1121.jpg,1920,1080,alloy_wheel,641,640,870,1016,1
fr1121.jpg,1920,1080,ovr_mirror,226,181,320,263,5
fr1147.jpg,1920,1080,alloy_wheel,676,663,847,1046,1
fr1147.jpg,1920,1080,alloy_wheel,291,405,373,628,1
fr1147.jpg,1920,1080,rear_camera,1391,152,1429,193,7
fr1155.jpg,1920,1080,alloy_wheel,323,408,400,628,1
fr1155.jpg,1920,1080,alloy_wheel,676,649,847,1063,1
fr1155.jpg,1920,1080,rear_camera,1385,158,1423,202,7
fr1161.jpg,1920,1080,alloy_wheel,336,395,414,612,1
fr1161.jpg,1920,1080,alloy_wheel,661,667,799,1042,1
fr1177.jpg,1920,1080,alloy_wheel,253,384,308,622,1
fr1177.jpg,1920,1080,alloy_wheel,558,661,711,1078,1
fr1177.jpg,1920,1080,rear_camera,1303,134,1335,166,7
fr1177.jpg,1920,1080,shvs,1576,546,1626,590,8
fr1185.jpg,1920,1080,shvs,1453,578,1514,628,8
fr1185.jpg,1920,1080,rear_camera,1179,161,1220,199,7
fr1185.jpg,1920,1080,alloy_wheel,111,428,185,655,1
fr1185.jpg,1920,1080,alloy_wheel,400,713,526,1080,1
fr1193.jpg,1920,1080,alloy_wheel,5,443,47,675,1
fr1193.jpg,1920,1080,alloy_wheel,294,734,405,1080,1
fr1193.jpg,1920,1080,shvs,1373,581,1432,619,8
fr1193.jpg,1920,1080,rear_camera,1085,158,1123,196,7
fr1215.jpg,1920,1080,rear_camera,1091,163,1129,196,7
fr1215.jpg,1920,1080,shvs,1391,619,1467,663,8
fr1215.jpg,1920,1080,alloy_wheel,255,755,350,1080,1
fr1215.jpg,1920,1080,alloy_wheel,100,463,147,661,1
fr1225.jpg,1920,1080,rear_camera,1141,99,1179,137,7
fr1225.jpg,1920,1080,shvs,1470,590,1544,643,8
fr1231.jpg,1920,1080,shvs,1491,584,1582,646,8
fr1231.jpg,1920,1080,rear_camera,1158,69,1197,111,7
fr1239.jpg,1920,1080,rear_camera,1155,69,1191,111,7
fr1239.jpg,1920,1080,shvs,1494,596,1585,661,8
fr1249.jpg,1920,1080,shvs,1497,590,1603,652,8
fr1249.jpg,1920,1080,rear_camera,1141,66,1185,105,7
fr1259.jpg,1920,1080,rear_camera,1138,61,1167,93,7
fr1259.jpg,1920,1080,shvs,1488,587,1585,640,8
fr1269.jpg,1920,1080,shvs,1435,543,1553,605,8
fr1269.jpg,1920,1080,rear_camera,1118,13,1148,43,7
fr1277.jpg,1920,1080,shvs,1414,566,1535,616,8
fr1277.jpg,1920,1080,rear_camera,1112,49,1139,84,7
fr1283.jpg,1920,1080,rear_camera,1129,102,1167,140,7
fr1283.jpg,1920,1080,shvs,1441,608,1547,658,8
fr1307.jpg,1920,1080,rear_camera,1097,134,1123,172,7
fr1307.jpg,1920,1080,shvs,1379,619,1494,669,8
fr133.jpg,1920,1080,front_grill,450,449,1153,678,2
fr133.jpg,1920,1080,headlamp,1144,372,1450,599,3
fr133.jpg,1920,1080,headlamp,282,361,444,555,3
fr133.jpg,1920,1080,ovr_mirror,1364,108,1476,219,5
fr133.jpg,1920,1080,ovr_mirror,432,105,535,187,5
fr1351.jpg,1920,1080,rear_camera,1082,196,1117,231,7
fr1351.jpg,1920,1080,shvs,1361,663,1479,719,8
fr1365.jpg,1920,1080,shvs,1350,661,1467,708,8
fr1365.jpg,1920,1080,rear_camera,1074,184,1109,219,7
fr1381.jpg,1920,1080,rear_camera,1085,128,1117,161,7
fr1381.jpg,1920,1080,shvs,1376,637,1505,690,8
fr1395.jpg,1920,1080,shvs,1385,696,1514,746,8
fr1395.jpg,1920,1080,rear_camera,1061,125,1100,163,7
fr1405.jpg,1920,1080,rear_camera,1023,96,1055,134,7
fr1405.jpg,1920,1080,shvs,1370,708,1503,755,8
fr1413.jpg,1920,1080,shvs,1370,752,1517,811,8
fr1413.jpg,1920,1080,rear_camera,1005,102,1038,137,7
fr1419.jpg,1920,1080,rear_camera,1000,113,1035,158,7
fr1419.jpg,1920,1080,shvs,1388,822,1555,884,8
fr1429.jpg,1920,1080,rear_camera,1041,128,1070,181,7
fr1429.jpg,1920,1080,shvs,1482,925,1647,996,8
fr1435.jpg,1920,1080,shvs,1553,1002,1753,1080,8
fr1435.jpg,1920,1080,rear_camera,1064,152,1105,190,7
fr1441.jpg,1920,1080,rear_camera,1080,175,1127,222,7
fr1445.jpg,1920,1080,rear_camera,1067,190,1114,234,7
fr1449.jpg,1920,1080,rear_camera,1041,202,1105,252,7
fr1453.jpg,1920,1080,rear_camera,1023,195,1085,248,7
fr1457.jpg,1920,1080,rear_camera,1020,213,1055,255,7
fr1461.jpg,1920,1080,rear_camera,994,216,1044,266,7
fr1465.jpg,1920,1080,rear_camera,961,228,1011,272,7
fr1469.jpg,1920,1080,rear_camera,917,240,973,290,7
fr1475.jpg,1920,1080,rear_camera,894,258,950,308,7
fr1481.jpg,1920,1080,rear_camera,941,272,994,328,7
fr1489.jpg,1920,1080,rear_camera,1011,275,1088,352,7
fr1497.jpg,1920,1080,rear_camera,1029,316,1129,405,7
fr1501.jpg,1920,1080,rear_camera,1088,334,1167,419,7
fr1505.jpg,1920,1080,rear_camera,1108,358,1191,443,7
fr1509.jpg,1920,1080,rear_camera,1117,381,1194,466,7
fr151.jpg,1920,1080,ovr_mirror,1323,16,1441,152,5
fr151.jpg,1920,1080,ovr_mirror,285,5,400,119,5
fr151.jpg,1920,1080,front_grill,317,411,1147,672,2
fr151.jpg,1920,1080,headlamp,1147,333,1435,571,3
fr151.jpg,1920,1080,headlamp,129,296,317,549,3
fr1513.jpg,1920,1080,rear_camera,1105,393,1182,469,7
fr1521.jpg,1920,1080,rear_camera,1100,375,1182,463,7
fr1529.jpg,1920,1080,rear_camera,1088,375,1182,463,7
fr1537.jpg,1920,1080,rear_camera,1076,369,1161,461,7
fr1551.jpg,1920,1080,rear_camera,1082,363,1179,461,7
fr1567.jpg,1920,1080,rear_camera,1053,349,1155,449,7
fr1575.jpg,1920,1080,rear_camera,985,308,1061,381,7
fr1581.jpg,1920,1080,rear_camera,897,258,973,334,7
fr1589.jpg,1920,1080,rear_camera,753,175,823,249,7
fr1595.jpg,1920,1080,rear_camera,647,90,726,166,7
fr1597.jpg,1920,1080,rear_camera,620,52,703,137,7
fr1601.jpg,1920,1080,rear_camera,576,1,658,72,7
fr163.jpg,1920,1080,front_grill,194,322,1108,634,2
fr163.jpg,1920,1080,headlamp,1105,246,1411,505,3
fr163.jpg,1920,1080,headlamp,3,205,194,487,3
fr1637.jpg,1920,1080,shvs,1235,913,1547,1031,8
fr1641.jpg,1920,1080,shvs,1197,828,1508,955,8
fr1645.jpg,1920,1080,shvs,1164,763,1476,881,8
fr1649.jpg,1920,1080,shvs,1135,666,1450,802,8
fr165.jpg,1920,1080,headlamp,1,213,188,475,3
fr165.jpg,1920,1080,headlamp,1105,228,1394,528,3
fr165.jpg,1920,1080,front_grill,191,325,1097,611,2
fr1653.jpg,1920,1080,shvs,1094,608,1400,755,8
fr1661.jpg,1920,1080,shvs,1044,522,1332,628,8
fr1665.jpg,1920,1080,shvs,1023,496,1323,622,8
fr1669.jpg,1920,1080,shvs,1005,475,1303,575,8
fr1675.jpg,1920,1080,shvs,982,452,1273,561,8
fr1681.jpg,1920,1080,shvs,976,440,1282,549,8
fr1687.jpg,1920,1080,shvs,985,437,1300,563,8
fr1699.jpg,1920,1080,shvs,1029,455,1361,581,8
fr1705.jpg,1920,1080,shvs,1044,461,1367,608,8
fr1709.jpg,1920,1080,shvs,1035,458,1367,575,8
fr1715.jpg,1920,1080,shvs,1000,437,1347,566,8
fr1725.jpg,1920,1080,shvs,961,443,1329,578,8
fr1731.jpg,1920,1080,shvs,908,413,1303,561,8
fr1735.jpg,1920,1080,shvs,903,399,1282,546,8
fr1741.jpg,1920,1080,shvs,891,405,1279,543,8
fr1747.jpg,1920,1080,shvs,870,419,1288,558,8
fr175.jpg,1920,1080,front_grill,144,299,1123,628,2
fr175.jpg,1920,1080,headlamp,1132,190,1432,490,3
fr175.jpg,1920,1080,headlamp,1,175,138,496,3
fr1755.jpg,1920,1080,shvs,885,428,1276,575,8
fr1757.jpg,1920,1080,shvs,881,435,1291,570,8
fr1761.jpg,1920,1080,shvs,864,422,1296,557,8
fr1765.jpg,1920,1080,shvs,869,440,1281,557,8
fr1769.jpg,1920,1080,shvs,849,450,1281,577,8
fr1773.jpg,1920,1080,shvs,856,450,1301,592,8
fr1781.jpg,1920,1080,shvs,794,515,1171,650,8
fr1791.jpg,1920,1080,shvs,669,655,1026,790,8
fr1797.jpg,1920,1080,shvs,626,682,966,777,8
fr1803.jpg,1920,1080,shvs,624,657,916,762,8
fr1807.jpg,1920,1080,shvs,629,637,886,712,8
fr1811.jpg,1920,1080,shvs,621,612,891,685,8
fr1813.jpg,1920,1080,shvs,619,603,864,672,8
fr1819.jpg,1920,1080,shvs,591,568,829,631,8
fr1819.jpg,1920,1080,alloy_wheel,1179,585,1364,1080,1
fr1827.jpg,1920,1080,alloy_wheel,1154,562,1391,1080,1
fr1827.jpg,1920,1080,shvs,609,527,819,637,8
fr1837.jpg,1920,1080,shvs,531,570,724,682,8
fr1837.jpg,1920,1080,alloy_wheel,1086,647,1306,1080,1
fr1843.jpg,1920,1080,shvs,431,582,604,677,8
fr1843.jpg,1920,1080,alloy_wheel,966,647,1201,1080,1
fr1843.jpg,1920,1080,alloy_wheel,1496,247,1601,502,1
fr1851.jpg,1920,1080,alloy_wheel,834,632,1111,1080,1
fr1851.jpg,1920,1080,shvs,336,575,524,645,8
fr1851.jpg,1920,1080,alloy_wheel,1416,250,1536,510,1
fr1855.jpg,1920,1080,alloy_wheel,844,657,1081,1080,1
fr1855.jpg,1920,1080,alloy_wheel,1411,270,1514,512,1
fr1855.jpg,1920,1080,shvs,305,585,488,647,8
fr1861.jpg,1920,1080,shvs,251,570,419,675,8
fr1861.jpg,1920,1080,alloy_wheel,781,647,1044,1080,1
fr1861.jpg,1920,1080,alloy_wheel,1384,265,1504,525,1
fr1867.jpg,1920,1080,alloy_wheel,711,650,1009,1080,1
fr1867.jpg,1920,1080,alloy_wheel,1384,280,1496,547,1
fr1867.jpg,1920,1080,shvs,186,572,349,667,8
fr1879.jpg,1920,1080,shvs,209,620,366,712,8
fr1879.jpg,1920,1080,alloy_wheel,786,710,1054,1080,1
fr1879.jpg,1920,1080,alloy_wheel,1486,357,1616,612,1
fr1895.jpg,1920,1080,alloy_wheel,1599,427,1719,702,1
fr1895.jpg,1920,1080,shvs,266,707,421,797,8
fr1913.jpg,1920,1080,shvs,229,670,379,772,8
fr1913.jpg,1920,1080,alloy_wheel,1546,375,1694,650,1
fr1913.jpg,1920,1080,alloy_wheel,789,750,1084,1080,1
fr1925.jpg,1920,1080,alloy_wheel,1456,387,1591,660,1
fr1925.jpg,1920,1080,alloy_wheel,661,735,979,1080,1
fr1925.jpg,1920,1080,shvs,106,660,266,740,8
fr1933.jpg,1920,1080,shvs,41,662,186,752,8
fr1933.jpg,1920,1080,alloy_wheel,599,755,921,1080,1
fr1933.jpg,1920,1080,alloy_wheel,1406,402,1534,665,1
fr1937.jpg,1920,1080,alloy_wheel,1389,410,1524,662,1
fr1937.jpg,1920,1080,alloy_wheel,609,765,909,1080,1
fr1937.jpg,1920,1080,shvs,34,667,179,735,8
fr1965.jpg,1920,1080,shvs,214,585,344,670,8
fr1965.jpg,1920,1080,alloy_wheel,709,712,1034,1080,1
fr1965.jpg,1920,1080,alloy_wheel,1539,362,1691,635,1
fr1977.jpg,1920,1080,alloy_wheel,736,677,1109,1080,1
fr1977.jpg,1920,1080,alloy_wheel,1579,382,1731,650,1
fr1977.jpg,1920,1080,shvs,254,580,391,662,8
fr199.jpg,1920,1080,headlamp,1237,119,1549,481,3
fr199.jpg,1920,1080,front_grill,141,252,1238,605,2
fr1999.jpg,1920,1080,alloy_wheel,1646,337,1811,610,1
fr1999.jpg,1920,1080,alloy_wheel,804,650,1129,1080,1
fr1999.jpg,1920,1080,shvs,321,517,446,592,8
fr201.jpg,1920,1080,front_grill,144,261,1255,596,2
fr201.jpg,1920,1080,headlamp,1261,113,1544,463,3
fr2015.jpg,1920,1080,shvs,354,532,476,600,8
fr2015.jpg,1920,1080,alloy_wheel,831,655,1159,1080,1
fr2015.jpg,1920,1080,alloy_wheel,1699,330,1864,617,1
fr2045.jpg,1920,1080,front_grill,527,587,1266,810,2
fr2045.jpg,1920,1080,headlamp,1259,477,1521,712,3
fr2045.jpg,1920,1080,headlamp,316,512,519,740,3
fr2045.jpg,1920,1080,ovr_mirror,399,230,506,325,5
fr2045.jpg,1920,1080,ovr_mirror,1349,207,1449,315,5
fr2051.jpg,1920,1080,headlamp,316,502,524,712,3
fr2051.jpg,1920,1080,headlamp,1269,472,1506,712,3
fr2051.jpg,1920,1080,front_grill,529,580,1271,807,2
fr2051.jpg,1920,1080,ovr_mirror,1346,202,1461,322,5
fr2051.jpg,1920,1080,ovr_mirror,386,230,511,340,5
fr2055.jpg,1920,1080,headlamp,319,510,536,710,3
fr2055.jpg,1920,1080,headlamp,1279,482,1509,720,3
fr2055.jpg,1920,1080,headlamp,521,582,1286,800,3
fr2055.jpg,1920,1080,ovr_mirror,1346,202,1454,315,5
fr2055.jpg,1920,1080,ovr_mirror,394,230,504,335,5
fr2059.jpg,1920,1080,front_grill,519,570,1281,812,2
fr2059.jpg,1920,1080,headlamp,1281,472,1501,725,3
fr2059.jpg,1920,1080,headlamp,319,500,519,735,3
fr2059.jpg,1920,1080,ovr_mirror,1354,200,1449,317,5
fr2059.jpg,1920,1080,ovr_mirror,401,232,504,330,5
fr2065.jpg,1920,1080,ovr_mirror,391,222,511,322,5
fr2065.jpg,1920,1080,ovr_mirror,1346,197,1451,320,5
fr2065.jpg,1920,1080,headlamp,1279,467,1511,737,3
fr2065.jpg,1920,1080,headlamp,316,497,531,747,3
fr2065.jpg,1920,1080,front_grill,516,580,1279,815,2
fr2069.jpg,1920,1080,front_grill,521,575,1281,812,2
fr2069.jpg,1920,1080,headlamp,1286,477,1514,722,3
fr2069.jpg,1920,1080,headlamp,321,507,516,735,3
fr2069.jpg,1920,1080,ovr_mirror,1351,202,1454,325,5
fr2069.jpg,1920,1080,ovr_mirror,396,225,504,330,5
fr2075.jpg,1920,1080,ovr_mirror,394,230,511,335,5
fr2075.jpg,1920,1080,ovr_mirror,1356,205,1459,312,5
fr2075.jpg,1920,1080,front_grill,524,577,1289,815,2
fr2075.jpg,1920,1080,headlamp,1276,470,1534,715,3
fr2075.jpg,1920,1080,headlamp,326,495,524,745,3
fr2079.jpg,1920,1080,headlamp,326,502,536,722,3
fr2079.jpg,1920,1080,headlamp,1291,477,1514,745,3
fr2079.jpg,1920,1080,front_grill,536,580,1284,827,2
fr2079.jpg,1920,1080,ovr_mirror,1354,202,1459,325,5
fr2079.jpg,1920,1080,ovr_mirror,401,232,511,335,5
fr2105.jpg,1920,1080,touch_infotainment,349,255,1384,907,9
fr2109.jpg,1920,1080,touch_infotainment,359,255,1376,895,9
fr2115.jpg,1920,1080,touch_infotainment,356,245,1379,912,9
fr2161.jpg,1920,1080,touch_infotainment,319,222,1454,867,9
fr2185.jpg,1920,1080,touch_infotainment,344,220,1449,920,9
fr2203.jpg,1920,1080,touch_infotainment,341,225,1501,955,9
fr2213.jpg,1920,1080,touch_infotainment,379,210,1549,920,9
fr2219.jpg,1920,1080,touch_infotainment,441,220,1591,900,9
fr2223.jpg,1920,1080,touch_infotainment,496,227,1624,897,9
fr2227.jpg,1920,1080,touch_infotainment,501,215,1639,910,9
fr2239.jpg,1920,1080,touch_infotainment,489,220,1634,917,9
fr2257.jpg,1920,1080,touch_infotainment,454,217,1609,912,9
fr227.jpg,1920,1080,headlamp,29,181,303,555,3
fr227.jpg,1920,1080,headlamp,1391,172,1691,546,3
fr227.jpg,1920,1080,front_grill,311,319,1385,675,2
fr2287.jpg,1920,1080,touch_infotainment,479,225,1601,897,9
fr229.jpg,1920,1080,headlamp,29,199,329,516,3
fr229.jpg,1920,1080,front_grill,1403,184,1700,552,2
fr229.jpg,1920,1080,front_grill,335,331,1400,669,2
fr2291.jpg,1920,1080,touch_infotainment,289,302,1556,1065,9
fr2303.jpg,1920,1080,touch_infotainment,281,295,1556,1032,9
fr2309.jpg,1920,1080,touch_infotainment,294,285,1584,1002,9
fr231.jpg,1920,1080,front_grill,332,352,1426,681,2
fr231.jpg,1920,1080,headlamp,1438,187,1714,534,3
fr231.jpg,1920,1080,headlamp,55,199,335,540,3
fr2317.jpg,1920,1080,touch_infotainment,281,277,1574,985,9
fr2319.jpg,1920,1080,touch_infotainment,289,297,1594,965,9
fr2323.jpg,1920,1080,touch_infotainment,284,270,1589,987,9
fr2329.jpg,1920,1080,touch_infotainment,284,257,1586,992,9
fr233.jpg,1920,1080,front_grill,341,350,1424,684,2
fr233.jpg,1920,1080,headlamp,1435,208,1729,543,3
fr233.jpg,1920,1080,headlamp,73,205,335,534,3
fr2353.jpg,1920,1080,touch_infotainment,284,242,1556,985,9
fr2391.jpg,1920,1080,touch_infotainment,279,225,1601,947,9
fr2401.jpg,1920,1080,touch_infotainment,286,217,1589,935,9
fr2407.jpg,1920,1080,touch_infotainment,281,215,1601,922,9
fr2413.jpg,1920,1080,touch_infotainment,279,215,1599,935,9
fr2445.jpg,1920,1080,touch_infotainment,274,222,1591,937,9
fr245.jpg,1920,1080,front_grill,395,376,1478,710,2
fr245.jpg,1920,1080,headlamp,1482,234,1782,581,3
fr245.jpg,1920,1080,headlamp,129,240,397,569,3
fr2465.jpg,1920,1080,manual_gear,746,285,1101,762,4
fr2473.jpg,1920,1080,manual_gear,761,275,1136,740,4
fr2477.jpg,1920,1080,manual_gear,744,282,1144,740,4
fr2485.jpg,1920,1080,manual_gear,779,282,1139,755,4
fr249.jpg,1920,1080,headlamp,121,246,412,581,3
fr249.jpg,1920,1080,headlamp,1488,240,1797,649,3
fr249.jpg,1920,1080,front_grill,420,352,1488,708,2
fr2499.jpg,1920,1080,manual_gear,781,265,1146,740,4
fr2509.jpg,1920,1080,manual_gear,789,272,1156,730,4
fr2513.jpg,1920,1080,manual_gear,779,257,1161,742,4
fr2535.jpg,1920,1080,manual_gear,739,237,1181,767,4
fr2551.jpg,1920,1080,manual_gear,709,220,1121,717,4
fr2557.jpg,1920,1080,manual_gear,691,220,1116,737,4
fr2563.jpg,1920,1080,manual_gear,709,215,1126,702,4
fr2569.jpg,1920,1080,manual_gear,724,277,1129,800,4
fr257.jpg,1920,1080,headlamp,113,241,404,576,3
fr257.jpg,1920,1080,headlamp,1464,243,1773,579,3
fr257.jpg,1920,1080,front_grill,411,396,1467,731,2
fr2571.jpg,1920,1080,manual_gear,724,290,1121,855,4
fr2575.jpg,1920,1080,manual_gear,761,280,1136,805,4
fr2577.jpg,1920,1080,manual_gear,791,282,1166,805,4
fr2579.jpg,1920,1080,manual_gear,814,287,1194,817,4
fr2581.jpg,1920,1080,manual_gear,871,280,1204,795,4
fr2583.jpg,1920,1080,manual_gear,874,322,1244,857,4
fr2591.jpg,1920,1080,manual_gear,939,420,1314,932,4
fr2595.jpg,1920,1080,manual_gear,969,395,1356,952,4
fr2599.jpg,1920,1080,manual_gear,974,375,1336,905,4
fr2601.jpg,1920,1080,manual_gear,979,372,1319,905,4
fr2605.jpg,1920,1080,manual_gear,966,360,1311,902,4
fr261.jpg,1920,1080,headlamp,114,240,391,587,3
fr261.jpg,1920,1080,headlamp,1467,249,1758,581,3
fr261.jpg,1920,1080,front_grill,397,396,1458,737,2
fr2611.jpg,1920,1080,manual_gear,956,365,1309,902,4
fr2627.jpg,1920,1080,manual_gear,934,335,1271,860,4
fr2631.jpg,1920,1080,manual_gear,904,302,1271,895,4
fr2645.jpg,1920,1080,manual_gear,896,260,1279,850,4
fr2667.jpg,1920,1080,manual_gear,749,300,1119,910,4
fr267.jpg,1920,1080,front_grill,376,393,1450,696,2
fr267.jpg,1920,1080,headlamp,123,255,376,561,3
fr267.jpg,1920,1080,headlamp,1453,252,1747,599,3
fr2677.jpg,1920,1080,manual_gear,694,317,1064,932,4
fr2685.jpg,1920,1080,manual_gear,714,265,1101,900,4
fr2691.jpg,1920,1080,manual_gear,636,217,1046,952,4
fr27.jpg,1920,1080,front_grill,430,558,1046,749,2
fr27.jpg,1920,1080,headlamp,1047,496,1262,690,3
fr27.jpg,1920,1080,headlamp,268,502,429,677,3
fr2701.jpg,1920,1080,manual_gear,669,362,1074,1012,4
fr271.jpg,1920,1080,front_grill,373,381,1453,740,2
fr271.jpg,1920,1080,headlamp,1458,237,1738,590,3
fr271.jpg,1920,1080,headlamp,111,252,370,563,3
fr2713.jpg,1920,1080,manual_gear,776,310,1199,902,4
fr2717.jpg,1920,1080,manual_gear,824,257,1236,837,4
fr2721.jpg,1920,1080,manual_gear,819,240,1286,922,4
fr2727.jpg,1920,1080,manual_gear,809,200,1254,830,4
fr2729.jpg,1920,1080,manual_gear,814,220,1236,772,4
fr2739.jpg,1920,1080,manual_gear,821,262,1304,875,4
fr2749.jpg,1920,1080,manual_gear,824,517,1311,1075,4
fr2763.jpg,1920,1080,manual_gear,689,562,1166,1060,4
fr2767.jpg,1920,1080,manual_gear,599,580,1081,1080,4
fr2777.jpg,1920,1080,manual_gear,509,605,1001,1080,4
fr2789.jpg,1920,1080,manual_gear,676,350,1159,1062,4
fr279.jpg,1920,1080,headlamp,103,255,385,593,3
fr279.jpg,1920,1080,headlamp,1432,258,1738,616,3
fr279.jpg,1920,1080,front_grill,367,413,1447,737,2
fr2799.jpg,1920,1080,manual_gear,714,392,1216,1080,4
fr2803.jpg,1920,1080,manual_gear,686,382,1184,1080,4
fr2809.jpg,1920,1080,manual_gear,629,307,1141,1050,4
fr2817.jpg,1920,1080,manual_gear,604,282,1131,1075,4
fr2823.jpg,1920,1080,manual_gear,581,317,1121,1080,4
fr2827.jpg,1920,1080,manual_gear,561,322,1099,1080,4
fr2831.jpg,1920,1080,manual_gear,581,335,1116,1080,4
fr2843.jpg,1920,1080,manual_gear,664,302,1144,1055,4
fr2845.jpg,1920,1080,manual_gear,659,277,1161,1045,4
fr2847.jpg,1920,1080,manual_gear,661,257,1151,1015,4
fr2853.jpg,1920,1080,manual_gear,661,267,1154,1025,4
fr2857.jpg,1920,1080,manual_gear,664,260,1164,1047,4
fr2867.jpg,1920,1080,manual_gear,691,315,1176,1027,4
fr2879.jpg,1920,1080,manual_gear,921,220,1471,985,4
fr2887.jpg,1920,1080,manual_gear,1171,72,1724,847,4
fr2895.jpg,1920,1080,manual_gear,1139,95,1716,840,4
fr2897.jpg,1920,1080,manual_gear,1101,50,1681,967,4
fr29.jpg,1920,1080,front_grill,440,570,1056,751,2
fr29.jpg,1920,1080,headlamp,275,508,440,681,3
fr29.jpg,1920,1080,headlamp,1054,494,1258,673,3
fr29.jpg,1920,1080,ovr_mirror,1182,284,1268,375,5
fr29.jpg,1920,1080,ovr_mirror,358,295,442,353,5
fr291.jpg,1920,1080,front_grill,355,408,1432,725,2
fr291.jpg,1920,1080,headlamp,1429,261,1726,581,3
fr291.jpg,1920,1080,headlamp,108,263,364,599,3
fr2911.jpg,1920,1080,manual_gear,1041,135,1571,732,4
fr2913.jpg,1920,1080,manual_gear,1054,147,1569,760,4
fr2919.jpg,1920,1080,manual_gear,1064,172,1554,782,4
fr2931.jpg,1920,1080,manual_gear,869,212,1424,822,4
fr2937.jpg,1920,1080,manual_gear,871,155,1399,792,4
fr2941.jpg,1920,1080,manual_gear,871,120,1409,720,4
fr2947.jpg,1920,1080,manual_gear,836,90,1421,710,4
fr2953.jpg,1920,1080,manual_gear,826,80,1416,730,4
fr2959.jpg,1920,1080,headlamp,291,162,1736,990,3
fr2963.jpg,1920,1080,headlamp,239,132,1684,927,3
fr2967.jpg,1920,1080,headlamp,269,75,1701,762,3
fr2969.jpg,1920,1080,headlamp,246,40,1706,900,3
fr2973.jpg,1920,1080,headlamp,259,65,1694,880,3
fr2977.jpg,1920,1080,headlamp,281,75,1679,802,3
fr2983.jpg,1920,1080,headlamp,306,92,1684,912,3
fr2987.jpg,1920,1080,headlamp,331,127,1666,735,3
fr299.jpg,1920,1080,headlamp,76,275,367,625,3
fr299.jpg,1920,1080,headlamp,1423,263,1735,622,3
fr299.jpg,1920,1080,front_grill,355,419,1429,737,2
fr2997.jpg,1920,1080,headlamp,389,130,1721,802,3
fr3.jpg,1920,1080,headlamp,221,525,401,701,3
fr3.jpg,1920,1080,headlamp,1027,520,1234,697,3
fr3.jpg,1920,1080,front_grill,401,586,1019,781,2
fr3029.jpg,1920,1080,headlamp,361,132,1646,802,3
fr3039.jpg,1920,1080,headlamp,286,155,1589,755,3
fr3049.jpg,1920,1080,headlamp,236,122,1539,787,3
fr305.jpg,1920,1080,front_grill,353,417,1427,735,2
fr305.jpg,1920,1080,headlamp,100,275,350,625,3
fr305.jpg,1920,1080,headlamp,1417,261,1717,599,3
fr3061.jpg,1920,1080,headlamp,214,62,1511,790,3
fr311.jpg,1920,1080,front_grill,335,416,1411,711,2
fr311.jpg,1920,1080,headlamp,1411,246,1705,616,3
fr311.jpg,1920,1080,headlamp,79,281,344,599,3
fr3137.jpg,1920,1080,ovr_mirror,416,27,1571,955,5
fr3139.jpg,1920,1080,ovr_mirror,414,10,1599,945,5
fr3145.jpg,1920,1080,ovr_mirror,414,35,1566,960,5
fr3151.jpg,1920,1080,ovr_mirror,384,37,1611,987,5
fr3161.jpg,1920,1080,ovr_mirror,439,52,1601,1020,5
fr3167.jpg,1920,1080,ovr_mirror,421,60,1611,997,5
fr3171.jpg,1920,1080,ovr_mirror,446,42,1609,1017,5
fr3175.jpg,1920,1080,ovr_mirror,444,45,1581,995,5
fr3181.jpg,1920,1080,ovr_mirror,451,72,1591,1007,5
fr3187.jpg,1920,1080,ovr_mirror,414,72,1589,1020,5
fr3197.jpg,1920,1080,ovr_mirror,441,70,1586,1030,5
fr3213.jpg,1920,1080,ovr_mirror,446,65,1571,1025,5
fr323.jpg,1920,1080,headlamp,47,284,294,608,3
fr323.jpg,1920,1080,headlamp,1338,258,1658,593,3
fr323.jpg,1920,1080,front_grill,294,413,1341,716,2
fr3239.jpg,1920,1080,ovr_mirror,426,82,1571,1007,5
fr3247.jpg,1920,1080,ovr_mirror,409,97,1591,1025,5
fr3255.jpg,1920,1080,ovr_mirror,406,85,1549,1027,5
fr3259.jpg,1920,1080,ovr_mirror,431,85,1561,1020,5
fr331.jpg,1920,1080,front_grill,238,411,1276,687,2
fr331.jpg,1920,1080,headlamp,1279,266,1614,593,3
fr331.jpg,1920,1080,headlamp,32,272,232,587,3
fr337.jpg,1920,1080,headlamp,23,261,232,561,3
fr337.jpg,1920,1080,headlamp,1235,275,1588,655,3
fr337.jpg,1920,1080,front_grill,226,391,1235,700,2
fr3391.jpg,1920,1080,parking_button,836,455,1036,660,6
fr3395.jpg,1920,1080,parking_button,831,460,1046,642,6
fr3403.jpg,1920,1080,parking_button,829,442,1031,645,6
fr3415.jpg,1920,1080,parking_button,826,430,1031,622,6
fr3425.jpg,1920,1080,parking_button,836,417,1029,625,6
fr343.jpg,1920,1080,front_grill,182,368,1191,677,2
fr343.jpg,1920,1080,headlamp,1200,252,1561,587,3
fr343.jpg,1920,1080,headlamp,3,231,197,540,3
fr3431.jpg,1920,1080,parking_button,834,420,1034,627,6
fr3433.jpg,1920,1080,parking_button,831,407,1034,615,6
fr3437.jpg,1920,1080,parking_button,829,407,1039,615,6
fr3441.jpg,1920,1080,parking_button,824,400,1026,602,6
fr3449.jpg,1920,1080,parking_button,834,402,1051,582,6
fr3451.jpg,1920,1080,parking_button,881,425,1006,555,6
fr3455.jpg,1920,1080,parking_button,881,407,1009,537,6
fr3461.jpg,1920,1080,parking_button,879,387,1009,517,6
fr3465.jpg,1920,1080,parking_button,879,377,1001,500,6
fr3473.jpg,1920,1080,parking_button,879,372,991,485,6
fr3477.jpg,1920,1080,parking_button,876,377,996,485,6
fr3481.jpg,1920,1080,parking_button,886,377,1019,490,6
fr3485.jpg,1920,1080,parking_button,899,387,1006,490,6
fr349.jpg,1920,1080,front_grill,130,354,1139,663,2
fr349.jpg,1920,1080,headlamp,1147,234,1532,566,3
fr349.jpg,1920,1080,headlamp,1,234,126,511,3
fr3493.jpg,1920,1080,parking_button,884,380,1014,487,6
fr3495.jpg,1920,1080,parking_button,889,380,1011,497,6
fr3499.jpg,1920,1080,parking_button,886,385,1001,490,6
fr3503.jpg,1920,1080,parking_button,881,387,989,497,6
fr3507.jpg,1920,1080,parking_button,874,387,989,500,6
fr3511.jpg,1920,1080,parking_button,874,402,1001,492,6
fr3523.jpg,1920,1080,parking_button,879,397,991,507,6
fr353.jpg,1920,1080,front_grill,70,334,1120,669,2
fr353.jpg,1920,1080,headlamp,1108,219,1502,569,3
fr3531.jpg,1920,1080,parking_button,881,395,999,500,6
fr3547.jpg,1920,1080,parking_button,876,397,989,502,6
fr3551.jpg,1920,1080,parking_button,866,390,991,502,6
fr3555.jpg,1920,1080,headlamp,421,272,1727,1060,3
fr3557.jpg,1920,1080,headlamp,394,207,1751,935,3
fr3563.jpg,1920,1080,headlamp,421,35,1859,850,3
fr3567.jpg,1920,1080,headlamp,404,1,1889,822,3
fr3571.jpg,1920,1080,headlamp,444,1,1896,805,3
fr3579.jpg,1920,1080,headlamp,431,1,1891,790,3
fr3591.jpg,1920,1080,headlamp,284,15,1714,872,3
fr3595.jpg,1920,1080,headlamp,226,17,1674,922,3
fr3599.jpg,1920,1080,headlamp,211,22,1639,890,3
fr3609.jpg,1920,1080,headlamp,196,42,1619,840,3
fr361.jpg,1920,1080,front_grill,1,361,1017,728,2
fr361.jpg,1920,1080,headlamp,1014,234,1441,593,3
fr3617.jpg,1920,1080,headlamp,181,47,1596,915,3
fr3621.jpg,1920,1080,headlamp,174,55,1581,892,3
fr363.jpg,1920,1080,front_grill,1,366,997,728,2
fr363.jpg,1920,1080,headlamp,991,252,1435,619,3
fr3651.jpg,1920,1080,headlamp,174,60,1564,947,3
fr3661.jpg,1920,1080,headlamp,124,62,1559,950,3
fr3679.jpg,1920,1080,headlamp,171,92,1591,955,3
fr3689.jpg,1920,1080,ovr_mirror,141,97,1419,1080,5
fr369.jpg,1920,1080,headlamp,939,265,1400,634,3
fr369.jpg,1920,1080,front_grill,3,381,950,716,2
fr3699.jpg,1920,1080,ovr_mirror,176,90,1499,1080,5
fr3703.jpg,1920,1080,ovr_mirror,184,57,1469,1080,5
fr3709.jpg,1920,1080,ovr_mirror,209,77,1474,1080,5
fr3715.jpg,1920,1080,ovr_mirror,194,95,1504,1080,5
fr3723.jpg,1920,1080,ovr_mirror,181,82,1494,1080,5
fr3729.jpg,1920,1080,ovr_mirror,231,87,1464,1080,5
fr3733.jpg,1920,1080,ovr_mirror,204,110,1481,1080,5
fr3739.jpg,1920,1080,ovr_mirror,244,125,1449,1080,5
fr375.jpg,1920,1080,headlamp,873,287,1358,681,3
fr375.jpg,1920,1080,front_grill,1,431,870,743,2
fr3763.jpg,1920,1080,ovr_mirror,199,105,1444,1080,5
fr3767.jpg,1920,1080,ovr_mirror,234,145,1504,1080,5
fr3787.jpg,1920,1080,ovr_mirror,161,140,1431,1080,5
fr3799.jpg,1920,1080,ovr_mirror,211,130,1404,1080,5
fr3807.jpg,1920,1080,ovr_mirror,214,127,1414,1080,5
fr381.jpg,1920,1080,front_grill,3,519,794,875,2
fr381.jpg,1920,1080,front_grill,800,381,1288,766,2
fr3817.jpg,1080,1920,ovr_mirror,86,382,1009,1157,5
fr385.jpg,1920,1080,front_grill,3,590,744,963,2
fr385.jpg,1920,1080,headlamp,747,466,1267,855,3
fr385.jpg,1920,1080,ovr_mirror,1282,58,1438,196,5
fr3855.jpg,1080,1920,ovr_mirror,96,487,989,1225,5
fr3867.jpg,1080,1920,ovr_mirror,39,565,886,1272,5
fr387.jpg,1920,1080,ovr_mirror,1301,126,1457,264,5
fr387.jpg,1920,1080,headlamp,744,546,1264,905,3
fr387.jpg,1920,1080,front_grill,5,658,744,1011,2
fr389.jpg,1920,1080,front_grill,3,684,747,1040,2
fr389.jpg,1920,1080,headlamp,750,587,1282,952,3
fr389.jpg,1920,1080,ovr_mirror,1320,175,1473,308,5
fr3901.jpg,1080,1920,ovr_mirror,79,710,956,1555,5
fr3907.jpg,1080,1920,ovr_mirror,118,747,898,1527,5
fr3917.jpg,1080,1920,ovr_mirror,374,677,1014,1360,5
fr395.jpg,1920,1080,front_grill,1,722,773,1080,2
fr395.jpg,1920,1080,headlamp,776,666,1288,1013,3
fr395.jpg,1920,1080,ovr_mirror,1376,275,1532,411,5
fr3953.jpg,1080,1920,ovr_mirror,336,687,889,1350,5
fr397.jpg,1920,1080,ovr_mirror,1387,302,1546,437,5
fr397.jpg,1920,1080,headlamp,764,690,1308,1055,3
fr397.jpg,1920,1080,front_grill,11,743,758,1080,2
fr3977.jpg,1080,1920,ovr_mirror,304,585,844,1305,5
fr3993.jpg,1080,1920,ovr_mirror,296,600,946,1240,5
fr4001.jpg,1080,1920,ovr_mirror,349,595,956,1232,5
fr4017.jpg,1080,1920,ovr_mirror,156,607,801,1292,5
fr4037.jpg,1080,1920,ovr_mirror,119,610,861,1262,5
fr4063.jpg,1080,1920,ovr_mirror,121,552,916,1247,5
fr4077.jpg,1080,1920,alloy_wheel,684,1060,991,1590,1
fr4077.jpg,1080,1920,rear_camera,176,350,224,390,7
fr4077.jpg,1080,1920,shvs,231,1000,356,1070,8
fr4081.jpg,1080,1920,shvs,214,1005,346,1085,8
fr4081.jpg,1080,1920,alloy_wheel,686,1075,1026,1592,1
fr4081.jpg,1080,1920,rear_camera,181,360,221,392,7
fr4087.jpg,1080,1920,rear_camera,236,365,269,405,7
fr4087.jpg,1080,1920,shvs,249,1020,374,1092,8
fr4087.jpg,1080,1920,alloy_wheel,721,1095,1056,1632,1
fr409.jpg,1920,1080,front_grill,14,784,744,1080,2
fr409.jpg,1920,1080,headlamp,758,784,1264,1072,3
fr409.jpg,1920,1080,ovr_mirror,1367,408,1526,528,5
fr4099.jpg,1080,1920,rear_camera,194,417,229,450,7
fr4099.jpg,1080,1920,shvs,156,1072,279,1147,8
fr4099.jpg,1080,1920,alloy_wheel,624,1167,1014,1730,1
fr4105.jpg,1080,1920,alloy_wheel,611,1197,1011,1725,1
fr4105.jpg,1080,1920,shvs,121,1082,254,1162,8
fr4105.jpg,1080,1920,rear_camera,166,397,209,430,7
fr4109.jpg,1080,1920,rear_camera,144,365,186,402,7
fr4109.jpg,1080,1920,alloy_wheel,591,1177,986,1740,1
fr4109.jpg,1080,1920,shvs,96,1062,226,1147,8
fr4113.jpg,1080,1920,shvs,39,1057,191,1135,8
fr4113.jpg,1080,1920,rear_camera,99,332,141,377,7
fr4113.jpg,1080,1920,alloy_wheel,564,1182,979,1715,1
fr4115.jpg,1080,1920,alloy_wheel,536,1200,961,1762,1
fr4115.jpg,1080,1920,shvs,14,1047,149,1147,8
fr4115.jpg,1080,1920,rear_camera,79,332,114,372,7
fr4119.jpg,1080,1920,rear_camera,24,350,71,390,7
fr4119.jpg,1080,1920,alloy_wheel,484,1207,916,1817,1
fr4119.jpg,1080,1920,shvs,1,1117,76,1172,8
fr413.jpg,1920,1080,ovr_mirror,1348,380,1507,500,5
fr413.jpg,1920,1080,headlamp,729,740,1244,1078,3
fr413.jpg,1920,1080,front_grill,8,755,723,1080,2
fr4135.jpg,1080,1920,alloy_wheel,346,1292,819,1920,1
fr4147.jpg,1080,1920,alloy_wheel,314,1255,779,1920,1
fr4165.jpg,1080,1920,alloy_wheel,189,1255,686,1897,1
fr4175.jpg,1080,1920,alloy_wheel,74,1237,619,1920,1
fr4201.jpg,1080,1920,alloy_wheel,56,1382,661,1920,1
fr4249.jpg,1080,1920,alloy_wheel,1,1357,449,1920,1
fr433.jpg,1920,1080,headlamp,520,658,1053,996,3
fr433.jpg,1920,1080,ovr_mirror,1208,293,1367,422,5
fr4339.jpg,1080,1920,ovr_mirror,824,615,1019,892,5
fr437.jpg,1920,1080,ovr_mirror,1194,290,1358,411,5
fr437.jpg,1920,1080,alloy_wheel,1014,746,1167,1080,1
fr437.jpg,1920,1080,headlamp,485,646,1029,952,3
fr437.jpg,1920,1080,alloy_wheel,1373,425,1432,634,1
fr4395.jpg,1080,1920,ovr_mirror,711,612,956,972,5
fr4407.jpg,1080,1920,ovr_mirror,531,635,814,1020,5
fr4421.jpg,1080,1920,ovr_mirror,184,572,574,962,5
fr443.jpg,1920,1080,alloy_wheel,1429,393,1500,643,1
fr443.jpg,1920,1080,alloy_wheel,1026,711,1194,1080,1
fr443.jpg,1920,1080,headlamp,497,602,1029,925,3
fr443.jpg,1920,1080,ovr_mirror,1235,255,1403,378,5
fr4445.jpg,1080,1920,ovr_mirror,121,445,526,807,5
fr4459.jpg,1080,1920,ovr_mirror,271,585,696,967,5
fr447.jpg,1920,1080,ovr_mirror,1305,199,1476,334,5
fr447.jpg,1920,1080,headlamp,550,534,1085,802,3
fr447.jpg,1920,1080,alloy_wheel,1067,643,1264,1078,1
fr447.jpg,1920,1080,front_grill,3,508,547,902,2
fr447.jpg,1920,1080,alloy_wheel,1505,331,1594,593,1
fr4475.jpg,1080,1920,ovr_mirror,464,665,831,1032,5
fr4487.jpg,1080,1920,ovr_mirror,289,527,694,877,5
fr4499.jpg,1080,1920,ovr_mirror,1,355,416,722,5
fr4499.jpg,1080,1920,alloy_wheel,576,1130,1080,1837,1
fr4509.jpg,1080,1920,alloy_wheel,346,1100,1080,1797,1
fr453.jpg,1920,1080,front_grill,5,443,553,781,2
fr453.jpg,1920,1080,headlamp,555,443,1123,790,3
fr453.jpg,1920,1080,alloy_wheel,1094,587,1291,1063,1
fr453.jpg,1920,1080,alloy_wheel,1567,305,1653,522,1
fr453.jpg,1920,1080,ovr_mirror,1355,128,1523,269,5
fr4537.jpg,1080,1920,alloy_wheel,476,862,1044,1597,1
fr4537.jpg,1080,1920,ovr_mirror,1,90,326,437,5
fr4545.jpg,1080,1920,ovr_mirror,134,132,484,480,5
fr4545.jpg,1080,1920,alloy_wheel,591,890,1080,1570,1
fr4553.jpg,1080,1920,alloy_wheel,576,940,1079,1630,1
fr4553.jpg,1080,1920,ovr_mirror,146,192,494,482,5
fr457.jpg,1920,1080,alloy_wheel,1070,549,1273,1016,1
fr457.jpg,1920,1080,alloy_wheel,1570,243,1653,493,1
fr457.jpg,1920,1080,ovr_mirror,1344,96,1520,237,5
fr457.jpg,1920,1080,headlamp,523,413,1076,719,3
fr457.jpg,1920,1080,front_grill,5,405,514,787,2
fr465.jpg,1920,1080,front_grill,8,322,514,687,2
fr465.jpg,1920,1080,headlamp,523,372,1067,631,3
fr465.jpg,1920,1080,alloy_wheel,1070,463,1297,958,1
fr465.jpg,1920,1080,ovr_mirror,1367,1,1561,131,5
fr465.jpg,1920,1080,alloy_wheel,1620,131,1738,408,1
fr471.jpg,1920,1080,alloy_wheel,1642,88,1760,365,1
fr471.jpg,1920,1080,alloy_wheel,1058,421,1281,908,1
fr471.jpg,1920,1080,headlamp,470,319,1050,596,3
fr471.jpg,1920,1080,front_grill,3,266,467,628,2
fr479.jpg,1920,1080,headlamp,411,249,1003,546,3
fr479.jpg,1920,1080,alloy_wheel,991,361,1267,905,1
fr479.jpg,1920,1080,alloy_wheel,1667,34,1776,328,1
fr485.jpg,1920,1080,headlamp,394,225,991,505,3
fr485.jpg,1920,1080,alloy_wheel,985,349,1270,866,1
fr485.jpg,1920,1080,alloy_wheel,1700,19,1847,331,1
fr485.jpg,1920,1080,front_grill,5,158,388,549,2
fr49.jpg,1920,1080,ovr_mirror,1212,293,1292,381,5
fr49.jpg,1920,1080,ovr_mirror,388,292,482,370,5
fr49.jpg,1920,1080,front_grill,460,584,1073,749,2
fr49.jpg,1920,1080,headlamp,1071,514,1288,686,3
fr49.jpg,1920,1080,headlamp,301,510,464,677,3
fr499.jpg,1920,1080,alloy_wheel,958,499,1303,1005,1
fr499.jpg,1920,1080,headlamp,423,355,1011,596,3
fr499.jpg,1920,1080,ovr_mirror,1458,46,1664,211,5
fr499.jpg,1920,1080,front_grill,53,219,423,608,2
fr5.jpg,1920,1080,front_grill,395,588,1030,783,2
fr5.jpg,1920,1080,headlamp,230,521,397,699,3
fr5.jpg,1920,1080,headlamp,1030,507,1236,718,3
fr505.jpg,1920,1080,alloy_wheel,926,616,1288,1080,1
fr505.jpg,1920,1080,headlamp,388,434,994,678,3
fr505.jpg,1920,1080,front_grill,1,299,370,669,2
fr505.jpg,1920,1080,ovr_mirror,1441,155,1647,319,5
fr51.jpg,1920,1080,headlamp,301,513,467,667,3
fr51.jpg,1920,1080,headlamp,1065,510,1285,690,3
fr51.jpg,1920,1080,front_grill,469,572,1063,749,2
fr51.jpg,1920,1080,ovr_mirror,1210,288,1297,381,5
fr51.jpg,1920,1080,ovr_mirror,392,299,481,363,5
fr515.jpg,1920,1080,headlamp,294,525,917,796,3
fr515.jpg,1920,1080,alloy_wheel,903,708,1238,1080,1
fr515.jpg,1920,1080,ovr_mirror,1391,234,1611,390,5
fr529.jpg,1920,1080,headlamp,241,561,873,811,3
fr529.jpg,1920,1080,alloy_wheel,820,746,1197,1080,1
fr529.jpg,1920,1080,ovr_mirror,1400,258,1603,422,5
fr53.jpg,1920,1080,ovr_mirror,390,297,479,361,5
fr53.jpg,1920,1080,ovr_mirror,1212,288,1297,381,5
fr53.jpg,1920,1080,front_grill,468,571,1071,738,2
fr53.jpg,1920,1080,headlamp,1070,502,1278,676,3
fr53.jpg,1920,1080,headlamp,305,501,468,671,3
fr541.jpg,1920,1080,ovr_mirror,1408,125,1650,290,5
fr541.jpg,1920,1080,alloy_wheel,755,593,1220,1080,1
fr541.jpg,1920,1080,headlamp,229,396,847,678,3
fr543.jpg,1920,1080,headlamp,258,405,850,640,3
fr543.jpg,1920,1080,alloy_wheel,826,584,1241,1080,1
fr543.jpg,1920,1080,front_grill,1,211,229,593,2
fr543.jpg,1920,1080,ovr_mirror,1455,111,1679,284,5
fr551.jpg,1920,1080,ovr_mirror,1635,102,1885,281,5
fr551.jpg,1920,1080,alloy_wheel,944,602,1364,1080,1
fr551.jpg,1920,1080,headlamp,382,352,967,631,3
fr551.jpg,1920,1080,front_grill,161,172,382,581,2
fr565.jpg,1920,1080,headlamp,135,419,717,699,3
fr565.jpg,1920,1080,alloy_wheel,705,640,1179,1080,1
fr565.jpg,1920,1080,ovr_mirror,1420,161,1679,340,5
fr569.jpg,1920,1080,ovr_mirror,1288,184,1550,405,5
fr569.jpg,1920,1080,alloy_wheel,564,666,1055,1080,1
fr569.jpg,1920,1080,headlamp,5,443,594,737,3
fr577.jpg,1920,1080,alloy_wheel,397,666,888,1080,1
fr577.jpg,1920,1080,ovr_mirror,1138,199,1376,396,5
fr577.jpg,1920,1080,headlamp,1,434,455,702,3
fr583.jpg,1920,1080,headlamp,1,425,403,708,3
fr583.jpg,1920,1080,alloy_wheel,323,678,850,1080,1
fr583.jpg,1920,1080,ovr_mirror,1079,234,1338,411,5
fr601.jpg,1920,1080,headlamp,1,384,376,652,3
fr601.jpg,1920,1080,alloy_wheel,308,637,832,1080,1
fr601.jpg,1920,1080,ovr_mirror,1058,231,1282,422,5
fr615.jpg,1920,1080,ovr_mirror,1050,278,1291,490,5
fr615.jpg,1920,1080,alloy_wheel,314,684,823,1080,1
fr615.jpg,1920,1080,headlamp,1,416,403,640,3
fr627.jpg,1920,1080,alloy_wheel,197,687,732,1080,1
fr627.jpg,1920,1080,headlamp,1,434,288,684,3
fr627.jpg,1920,1080,ovr_mirror,961,319,1194,493,5
fr639.jpg,1920,1080,alloy_wheel,91,693,626,1080,1
fr639.jpg,1920,1080,alloy_wheel,1758,661,1920,1022,1
fr639.jpg,1920,1080,ovr_mirror,847,299,1076,508,5
fr645.jpg,1920,1080,ovr_mirror,803,302,1026,493,5
fr645.jpg,1920,1080,alloy_wheel,76,681,629,1080,1
fr645.jpg,1920,1080,alloy_wheel,1720,637,1920,999,1
fr649.jpg,1920,1080,alloy_wheel,1670,611,1914,987,1
fr649.jpg,1920,1080,alloy_wheel,20,693,561,1080,1
fr649.jpg,1920,1080,ovr_mirror,761,302,994,487,5
fr659.jpg,1920,1080,ovr_mirror,655,290,888,475,5
fr659.jpg,1920,1080,alloy_wheel,1517,584,1838,940,1
fr659.jpg,1920,1080,alloy_wheel,1,690,458,1080,1
fr687.jpg,1920,1080,alloy_wheel,29,640,544,1080,1
fr687.jpg,1920,1080,alloy_wheel,1632,608,1914,925,1
fr687.jpg,1920,1080,ovr_mirror,732,272,970,469,5
fr695.jpg,1920,1080,alloy_wheel,144,663,638,1080,1
fr695.jpg,1920,1080,ovr_mirror,838,281,1047,466,5
fr695.jpg,1920,1080,alloy_wheel,1758,619,1920,946,1
fr727.jpg,1920,1080,alloy_wheel,129,611,703,1080,1
fr727.jpg,1920,1080,ovr_mirror,870,202,1108,402,5
fr731.jpg,1920,1080,ovr_mirror,850,190,1108,408,5
fr731.jpg,1920,1080,alloy_wheel,138,611,685,1080,1
fr735.jpg,1920,1080,alloy_wheel,91,616,641,1080,1
fr735.jpg,1920,1080,ovr_mirror,838,205,1085,419,5
fr743.jpg,1920,1080,alloy_wheel,11,675,558,1080,1
fr743.jpg,1920,1080,ovr_mirror,764,216,1017,458,5
fr75.jpg,1920,1080,front_grill,434,523,1029,716,2
fr75.jpg,1920,1080,headlamp,1029,467,1247,642,3
fr75.jpg,1920,1080,headlamp,288,464,434,642,3
fr75.jpg,1920,1080,ovr_mirror,1179,257,1275,342,5
fr75.jpg,1920,1080,ovr_mirror,380,255,466,333,5
fr765.jpg,1920,1080,ovr_mirror,1026,119,1282,337,5
fr765.jpg,1920,1080,alloy_wheel,314,513,841,969,1
fr765.jpg,1920,1080,headlamp,3,255,323,484,3
fr769.jpg,1920,1080,headlamp,120,258,423,463,3
fr769.jpg,1920,1080,alloy_wheel,441,505,923,955,1
fr769.jpg,1920,1080,ovr_mirror,1138,111,1373,331,5
fr785.jpg,1920,1080,ovr_mirror,999,230,1244,462,5
fr785.jpg,1920,1080,alloy_wheel,291,635,814,1080,1
fr785.jpg,1920,1080,headlamp,4,360,296,577,3
fr819.jpg,1920,1080,ovr_mirror,488,393,711,622,5
fr83.jpg,1920,1080,headlamp,408,518,1001,694,3
fr83.jpg,1920,1080,headlamp,1005,455,1218,623,3
fr83.jpg,1920,1080,headlamp,256,451,406,616,3
fr83.jpg,1920,1080,ovr_mirror,356,240,447,318,5
fr83.jpg,1920,1080,ovr_mirror,1164,240,1247,327,5
fr841.jpg,1920,1080,ovr_mirror,509,355,734,600,5
fr85.jpg,1920,1080,ovr_mirror,1166,242,1247,329,5
fr85.jpg,1920,1080,ovr_mirror,358,240,443,310,5
fr85.jpg,1920,1080,front_grill,410,520,993,701,2
fr85.jpg,1920,1080,headlamp,999,458,1218,633,3
fr85.jpg,1920,1080,headlamp,251,457,406,627,3
fr857.jpg,1920,1080,ovr_mirror,167,269,385,502,5
fr865.jpg,1920,1080,alloy_wheel,1408,663,1811,1075,1
fr873.jpg,1920,1080,alloy_wheel,1117,646,1538,1072,1
fr883.jpg,1920,1080,alloy_wheel,894,590,1355,1055,1
fr887.jpg,1920,1080,alloy_wheel,853,575,1300,1037,1
fr901.jpg,1920,1080,alloy_wheel,997,528,1479,966,1
fr917.jpg,1920,1080,alloy_wheel,1108,569,1582,1028,1
fr945.jpg,1920,1080,alloy_wheel,888,561,1379,1016,1
fr951.jpg,1920,1080,alloy_wheel,788,596,1255,1080,1
